Statistic,Value
Mean Annual Scarcity,1.33605464214253
Mean Variability,19.376886255555558
Mean Surplus Capacity,8.442289944444445
Mean Deficit Severity,10.934596311111113
Mean Storage Adequacy,0.8108520999032842
