Statistic,Value
Mean Annual Scarcity,1.62965309833368
Mean Variability,31.81278465555555
Mean Surplus Capacity,10.299944544444443
Mean Deficit Severity,21.51284011111111
Mean Storage Adequacy,0.4922951209442772
