Statistic,Value
Mean Annual Scarcity,1.6296210773666688
Mean Variability,31.788624988888884
Mean Surplus Capacity,10.285756077777776
Mean Deficit Severity,21.50286891111111
Mean Storage Adequacy,0.49349750976527856
