Statistic,Value
Mean Annual Scarcity,1.6296443435377908
Mean Variability,31.825796855555552
Mean Surplus Capacity,10.317479488888887
Mean Deficit Severity,21.50831736666667
Mean Storage Adequacy,0.4926783666959795
