Statistic,Value
Mean Annual Scarcity,1.337091089203694
Mean Variability,19.14962297623799
Mean Surplus Capacity,8.338288602038928
Mean Deficit Severity,10.811334374199062
Mean Storage Adequacy,0.8235234314153836
